{
  "experiment1_killswitch": {
    "extraction_rates": {
      "1.0": 0.0,
      "0.5": 0.0,
      "0.0": 0.0
    },
    "extraction_rate_alpha1": 0.0,
    "extraction_rate_alpha0": 0.0,
    "privacy_ratio": 0.0,
    "ortho_sparsity": 0.05915536892970363,
    "num_canaries": 20,
    "num_wikitext_samples": 50
  },
  "experiment2_nulltest": {
    "ppl_fp16": 2.875593760330689,
    "ppl_int4": 3.0193734483472237,
    "ppl_libortho_alpha0": 2.875593760330689,
    "ppl_ratio_int4": 1.05,
    "ppl_ratio_libortho": 1.0,
    "mmlu_fp16": 0.5,
    "mmlu_int4": 0.475,
    "mmlu_libortho_alpha0": 0.49,
    "ortho_sparsity": 0.05915536892970363
  },
  "experiment3_savinggenius": {
    "accuracy_base_ortho": 0.0,
    "accuracy_base_only": 0.0,
    "accuracy_pure_int3": 0.0,
    "relative_preservation": 0.0,
    "ortho_sparsity": 0.05915536892970363
  },
  "experiment4_performance": {
    "latency_fp16_ms": 1531.5462112426758,
    "latency_base_ms": 1507.1144580841064,
    "latency_per_token_fp16_ms": 30.630924224853516,
    "latency_per_token_base_ms": 30.14228916168213,
    "throughput_fp16_tokens_per_sec": 32.64674590486609,
    "throughput_base_tokens_per_sec": 33.17598058448835,
    "speedup": 1.0162109473686742,
    "ortho_sparsity": 0.05915536892970363
  }
}