{
  "exp1": {
    "train_losses_phase1": [
      1.369835376739502,
      0.0047236355021595955,
      2.721655255299993e-05,
      1.5667055208723468e-07,
      8.556592101527372e-10,
      4.3107232193528855e-12,
      5.042972604177992e-14,
      2.2036393909174827e-14,
      2.071553750749005e-14,
      1.641192607163e-13
    ],
    "train_losses_phase2": [
      0.25699329376220703,
      0.09398901462554932,
      0.09361570328474045,
      0.09361360222101212,
      0.09361359477043152,
      0.09361359477043152,
      0.09361358731985092,
      0.09361359477043152,
      0.09361359477043152,
      0.09361359477043152
    ],
    "privacy_error_original": 3.650174379348755,
    "general_error_original": 0.06317390501499176,
    "sparsity": 0.949951171875,
    "alpha_values": [
      0.0,
      0.25,
      0.5,
      0.75,
      1.0
    ],
    "privacy_errors": [
      9.51982593536377,
      7.672722816467285,
      6.0787458419799805,
      4.737896919250488,
      3.6501739025115967
    ],
    "general_errors": [
      0.04678851738572121,
      0.046189434826374054,
      0.04872063547372818,
      0.05438213422894478,
      0.06317390501499176
    ],
    "privacy_ratio": 2.60804722282764,
    "general_ratio": 0.7406303277961775,
    "success": true
  },
  "exp2": {
    "train_losses_base": [
      1.3532702922821045,
      0.004544933792203665,
      2.5775972972041927e-05,
      1.4391289937520924e-07,
      7.925410883125039e-10,
      4.326853545594256e-12,
      5.0556581084092514e-14,
      2.274503861350672e-14,
      7.65936619684382e-12,
      1.00025476790222e-09
    ],
    "train_losses_full": [
      0.01152303908020258,
      0.0074836574494838715,
      0.007470672018826008,
      0.00747058866545558,
      0.00747061800211668,
      0.007470625918358564,
      0.007470595650374889,
      0.00747059378772974,
      0.007470598444342613,
      0.007470819167792797
    ],
    "sparsity": 0.969970703125,
    "quantization_levels": [
      "INT4",
      "INT3",
      "INT2"
    ],
    "common_errors": {
      "before": 0.002779158530756831,
      "INT4": 0.02463640458881855,
      "INT3": 0.13606658577919006,
      "INT2": 0.8231135010719299
    },
    "genius_errors": {
      "before": 0.07716631889343262,
      "INT4": 0.16404272615909576,
      "INT3": 0.6147342920303345,
      "INT2": 4.051679611206055
    },
    "common_degradation_int3": 48.95945829601634,
    "genius_survival_int3": 7.966353989436092,
    "relative_preservation": 0.16271327880392733,
    "success": true
  },
  "exp3": {
    "train_losses_base": [
      1.369835376739502,
      0.0047236355021595955,
      2.721655255299993e-05,
      1.5667055208723468e-07,
      8.556592101527372e-10,
      4.3107232193528855e-12,
      5.042972604177992e-14,
      2.2036393909174827e-14,
      2.071553750749005e-14,
      1.641192607163e-13
    ],
    "train_losses_full": [
      0.47886398434638977,
      0.2605499029159546,
      0.2601599395275116,
      0.26015758514404297,
      0.26015758514404297,
      0.26015758514404297,
      0.26015758514404297,
      0.26015758514404297,
      0.26015767455101013,
      0.2601575553417206
    ],
    "sparsity": 0.969970703125,
    "err_public_original": 0.1157238557934761,
    "err_private_original": 3.227786064147949,
    "epsilon_values": [
      0.5,
      1.0,
      2.0
    ],
    "results_by_epsilon": {
      "0.5": {
        "err_public_global": 1315.764404296875,
        "err_private_global": 11301.1640625,
        "err_public_dual": 165.06829833984375,
        "err_private_dual": 1432.93017578125,
        "public_utility_ratio": 7.971030279286334,
        "public_global_degradation": 11369.862173849457,
        "public_dual_degradation": 1426.3980658443354
      },
      "1.0": {
        "err_public_global": 352.0009460449219,
        "err_private_global": 3105.966552734375,
        "err_public_dual": 41.91648483276367,
        "err_private_dual": 389.3663024902344,
        "public_utility_ratio": 8.397673310759268,
        "public_global_degradation": 3041.7316569177888,
        "public_dual_degradation": 362.21123918871626
      },
      "2.0": {
        "err_public_global": 86.54641723632812,
        "err_private_global": 777.7762451171875,
        "err_public_dual": 9.85461139678955,
        "err_private_dual": 93.82289123535156,
        "public_utility_ratio": 8.782326736567214,
        "public_global_degradation": 747.8700840393733,
        "public_dual_degradation": 85.15625821190898
      }
    },
    "overall_success": true
  }
}